c_id,total_energy_generation (kWh),total_tripping_curtailment (kWh),count curtailment (days),total days (days),percentage_of_generation_lost,proportion of days with curtailment,proportion_of_sites
1732727321,964.4242774110728,212.61316056792916,38,46,22.04560436187627,82.6086956521739,0.0
1317822057,1157.89911520329,178.69548419449006,36,46,15.432733460817683,78.26086956521739,0.2008032128514056
939510347,1180.3800740829852,90.08516903368944,22,46,7.631878156167191,47.82608695652174,0.4016064257028112
2084803628,1181.382575052396,84.27381378938045,25,46,7.133490502485428,54.34782608695652,0.6024096385542169
1625233287,1149.3289655945644,79.37020085109023,25,46,6.905786178462046,54.34782608695652,0.8032128514056224
441066515,1210.260189647843,77.98728896238826,31,46,6.443844854971287,67.3913043478261,1.0040160642570282
298243910,1158.8470515406443,68.39523432426296,13,46,5.90200701924676,28.26086956521739,1.2048192771084338
1288089120,1184.413677002546,56.04808345230423,17,46,4.732137473635721,36.95652173913043,1.4056224899598393
1926768907,1118.214169731821,51.14220837226653,12,46,4.573561108113293,26.08695652173913,1.6064257028112447
945970002,880.6133314087081,33.705998104915544,10,46,3.827559372851693,21.73913043478261,1.8072289156626504
735922253,770.8678403674793,26.39268483929477,21,46,3.4237626032904878,45.65217391304348,2.0080321285140563
920514420,1270.5184085251406,40.98731221994675,11,46,3.2260305671230824,23.91304347826087,2.208835341365462
690649773,1103.6318328469974,34.311188263415914,16,46,3.108934269765003,34.78260869565217,2.4096385542168677
1839636160,1254.6734880813626,36.15862750652194,17,46,2.8819153229909595,36.95652173913043,2.610441767068273
1909120217,963.3638792537804,25.979989950104738,16,46,2.6967992582645697,34.78260869565217,2.8112449799196786
217453952,832.6806627187382,20.710693385008323,13,46,2.4872312174738176,28.26086956521739,3.0120481927710845
1817947752,796.3223091634754,17.164760744489644,12,46,2.1555041905734083,26.08695652173913,3.2128514056224895
1038443096,1080.2388903397468,21.23736581220932,13,46,1.9659878941712547,28.26086956521739,3.413654618473896
173654980,1579.3288730652305,30.796319933336665,9,46,1.949962446616063,19.565217391304348,3.614457831325301
917876513,1370.86444265238,26.578671397056223,8,46,1.9388256468036476,17.391304347826086,3.815261044176707
1227039885,1429.052294710994,26.802775824796097,10,46,1.8755629814244543,21.73913043478261,4.016064257028113
1782897736,1291.8420365371755,23.3949479776144,8,46,1.8109759023111924,17.391304347826086,4.216867469879518
1033215718,1184.144695263593,20.120071608725382,7,46,1.6991227245456368,15.217391304347828,4.417670682730924
1105174553,1360.9764370985888,22.862754112711706,7,46,1.6798787612702462,15.217391304347828,4.618473895582329
1905319041,804.8596221280284,13.492499197227914,12,46,1.6763791879078351,26.08695652173913,4.819277108433735
1883049647,1353.6886687531287,20.982730078483005,3,46,1.5500410517441965,6.521739130434782,5.020080321285141
1365659170,1414.2169361241258,21.401063388986344,12,46,1.5132800946111689,26.08695652173913,5.220883534136546
824725118,1139.0965638230132,16.506143300101392,5,46,1.4490556660713472,10.869565217391305,5.421686746987952
584950181,1099.933462710915,14.43981925746136,9,46,1.3127902502277486,19.565217391304348,5.622489959839357
915410219,1238.902730935651,15.240510364976323,4,46,1.2301619799858137,8.695652173913043,5.8232931726907635
1754502986,734.4790417791235,7.99452707426967,2,46,1.0884622459620608,4.3478260869565215,6.024096385542169
1053667170,809.7156632220457,8.736544102497636,5,46,1.0789644438558723,10.869565217391305,6.2248995983935735
1489730840,610.7974573453488,6.5545244618806215,16,46,1.0731093234028726,34.78260869565217,6.425702811244979
2058862155,1173.6412725835069,12.463153715549003,6,46,1.061921901239395,13.043478260869565,6.626506024096386
1658280060,1476.7392612100778,14.817252002471935,2,46,1.0033763164345142,4.3478260869565215,6.827309236947792
347781920,1516.4783154841955,15.021060321014431,7,46,0.990522592221727,15.217391304347828,7.028112449799197
1171914822,1072.0697766645294,10.617574673745429,7,46,0.9903809346047692,15.217391304347828,7.228915662650602
898652745,1450.4357291740048,13.499125661246616,10,46,0.9306945071557295,21.73913043478261,7.429718875502007
1690883528,1315.8559164654098,11.892011752380563,5,46,0.9037472570951636,10.869565217391305,7.630522088353414
1023709447,1286.0175797251352,11.35405174479506,14,46,0.8828846451089574,30.434782608695656,7.83132530120482
87228538,1010.4590764212952,8.905300510618805,9,46,0.8813123379680425,19.565217391304348,8.032128514056225
1295562498,686.334588593217,5.800660189438158,8,46,0.8451650675697108,17.391304347826086,8.23293172690763
1305285980,1016.675835554243,8.049386178735883,10,46,0.7917357624957951,21.73913043478261,8.433734939759036
35889201,1493.7956296181435,11.787133919753089,7,46,0.7890727276238055,15.217391304347828,8.634538152610443
981759734,1327.8668823354242,8.412671390748308,6,46,0.6335477977997523,13.043478260869565,8.835341365461847
479577339,1313.0734182195629,8.024630107237687,4,46,0.6111333910116414,8.695652173913043,9.036144578313253
389622988,1229.3860389043116,6.786164898069055,9,46,0.5519962553110831,19.565217391304348,9.236947791164658
515338333,1255.354477788056,6.6541740396536575,4,46,0.5300633532114659,8.695652173913043,9.437751004016064
1290589657,1226.422377861699,6.328194015821391,10,46,0.5159881399795371,21.73913043478261,9.63855421686747
1733245313,431.17831520182926,2.164650907872397,6,46,0.5020314871027665,13.043478260869565,9.839357429718875
680721840,1243.0927872513496,6.237415130179391,2,46,0.5017658532128708,4.3478260869565215,10.040160642570282
1363592770,793.3474026667433,3.9547120728820007,5,46,0.4984842780840656,10.869565217391305,10.240963855421686
1004910241,1285.7343544295231,5.535692012241824,5,46,0.4305471027643183,10.869565217391305,10.441767068273093
1822597721,1087.8035882558993,4.62775946588126,6,46,0.4254223387239468,13.043478260869565,10.642570281124499
1368323443,1497.406054561467,6.098178339824357,13,46,0.4072494779387198,28.26086956521739,10.843373493975903
1028074375,1376.6318086347233,5.25190709364258,6,46,0.3815041219228522,13.043478260869565,11.04417670682731
188647262,1432.64472246645,5.4535331846615325,12,46,0.3806619393587473,26.08695652173913,11.244979919678714
32497732,1493.1714615450037,5.482545906599497,5,46,0.3671745708913185,10.869565217391305,11.44578313253012
1266446943,1311.52829424961,4.699710084034189,4,46,0.3583384441372746,8.695652173913043,11.646586345381527
1145410040,735.7194284041095,2.576577579695408,5,46,0.3502119803040144,10.869565217391305,11.847389558232932
506285419,1040.626515720725,3.5802451180240515,5,46,0.3440470777879822,10.869565217391305,12.048192771084338
1120958159,3022.117253426049,10.313495613763566,6,46,0.3412672225762115,13.043478260869565,12.248995983935743
1742055655,1335.4397747581202,4.5197834174545495,5,46,0.3384490639627077,10.869565217391305,12.449799196787147
1828350524,1235.0385414864563,4.098216478953796,2,46,0.3318290353936082,4.3478260869565215,12.650602409638553
1606158999,1592.6515825640672,4.94175482432127,3,46,0.31028474014168,6.521739130434782,12.851405622489958
2102460517,1222.6089298629415,3.623649742240493,3,46,0.2963866575591523,6.521739130434782,13.052208835341366
851913431,712.3619646843068,2.0123729894257454,10,46,0.2824930427493495,21.73913043478261,13.253012048192772
400142431,668.829069025887,1.751569390344475,2,46,0.261885954343393,4.3478260869565215,13.453815261044177
2020330076,1353.968799050328,3.4113038976000825,8,46,0.2519484865524794,17.391304347826086,13.654618473895583
1110972569,1301.722001777173,3.089503835641584,4,46,0.2373397569852584,8.695652173913043,13.855421686746988
1911428877,1588.6538842222444,3.748584541593626,5,46,0.2359598008617727,10.869565217391305,14.056224899598394
772730731,1365.4999183142156,3.209204511812633,2,46,0.2350204836170603,4.3478260869565215,14.257028112449799
1551349304,1378.6863932251945,3.0404705529333405,8,46,0.2205338768754143,17.391304347826086,14.457831325301203
1147871946,1186.1704352186407,2.5505666048112454,4,46,0.2150253057302943,8.695652173913043,14.65863453815261
317767350,1243.2499353532296,2.641239349846745,4,46,0.2124463693695123,8.695652173913043,14.859437751004014
655131985,1064.4358090706155,2.23717651213005,2,46,0.2101748638166714,4.3478260869565215,15.060240963855422
628090576,975.4922779990532,1.9707295953150543,6,46,0.2020241102633277,13.043478260869565,15.261044176706829
681948559,955.1259802488378,1.8658357815732869,2,46,0.1953497046627486,4.3478260869565215,15.461847389558233
1268828391,1351.1359804687534,2.535776516845374,7,46,0.1876773732252789,15.217391304347828,15.66265060240964
1645355415,1247.3658748318437,2.2043022025760584,2,46,0.1767165710600523,4.3478260869565215,15.863453815261044
166614887,1219.563041577495,2.085007572985072,7,46,0.1709634928169134,15.217391304347828,16.06425702811245
295065388,1273.1889419733227,2.0658925824457546,3,46,0.1622612728040047,6.521739130434782,16.265060240963855
1814154495,1067.3934309397662,1.692477801777601,2,46,0.1585617592088318,4.3478260869565215,16.46586345381526
8366267,1339.0464192447612,2.1204215245709164,6,46,0.1583531006913756,13.043478260869565,16.666666666666664
1902465915,1072.2608383382965,1.6872735767121123,7,46,0.1573566352872602,15.217391304347828,16.867469879518072
362641176,1555.5738174085411,2.422521181403861,4,46,0.1557316762659057,8.695652173913043,17.06827309236948
134896412,1551.8826272798278,2.37559752601439,3,46,0.1530784277273846,6.521739130434782,17.269076305220885
522666364,811.4316039165154,1.2129092872720315,5,46,0.1494776986030264,10.869565217391305,17.46987951807229
310171454,830.4245820330414,1.2394567750136778,19,46,0.1492557905715225,41.30434782608695,17.670682730923694
1341927206,1480.4408280294065,2.154978030574504,1,46,0.1455632666820573,2.1739130434782608,17.8714859437751
602764242,753.5051175625943,1.087692652938032,23,46,0.1443510637932298,50.0,18.072289156626507
556100725,1869.544671456258,2.41465197911968,1,46,0.1291572229316573,2.1739130434782608,18.27309236947791
1754924776,1196.6371899662436,1.539630736561444,4,46,0.1286631194042094,8.695652173913043,18.473895582329316
2072941613,693.2053804074308,0.8092406332330571,13,46,0.1167389429028128,28.26086956521739,18.67469879518072
1790088427,1463.7122657318305,1.6716083971445936,3,46,0.1142033469473468,6.521739130434782,18.87550200803213
1580745757,1241.871684202834,1.350820277777778,4,46,0.1087729348338334,8.695652173913043,19.076305220883537
982512371,1455.0988138333105,1.5803057250472106,2,46,0.1086047016205074,4.3478260869565215,19.27710843373494
933065889,1739.6469413465716,1.884467705907148,2,46,0.1083247215925593,4.3478260869565215,19.477911646586346
957650704,793.337890455283,0.8501023149916931,14,46,0.107155138462356,30.434782608695656,19.67871485943775
1065880139,1698.7835344463892,1.7327290293408224,4,46,0.1019982236821888,8.695652173913043,19.879518072289155
310394396,1010.0100404937618,1.0239195194422084,5,46,0.1013771624430235,10.869565217391305,20.080321285140563
1917897599,1030.202033297437,1.0314950366141675,6,46,0.1001255096840172,13.043478260869565,20.281124497991968
823271537,1504.9071299080583,1.4775618680871667,5,46,0.0981829269542658,10.869565217391305,20.481927710843372
1421859171,1005.8657883916276,0.966528200887276,9,46,0.0960891812845874,19.565217391304348,20.682730923694777
479810032,900.8462677764134,0.8091965594732162,6,46,0.0898262654149171,13.043478260869565,20.883534136546185
455268757,764.7433982034426,0.6772154007307358,8,46,0.088554592602129,17.391304347826086,21.084337349397593
1568818341,1310.7528700393732,1.1349894276201853,3,46,0.0865906498138044,6.521739130434782,21.285140562248998
122516627,1166.6148710042662,1.004660010745443,5,46,0.0861175385052818,10.869565217391305,21.485943775100402
349379266,823.1308076897508,0.6895996204407668,25,46,0.083777646760208,54.34782608695652,21.686746987951807
1898710649,680.1129675135658,0.5586421208694413,15,46,0.0821396073231464,32.608695652173914,21.88755020080321
1254003935,1928.4555441437865,1.5258999614262256,3,46,0.0791254932508028,6.521739130434782,22.08835341365462
1065938166,1253.998265592336,0.9692640824915824,7,46,0.0772938933877825,15.217391304347828,22.289156626506024
1443317220,871.6020035907914,0.5922699730758847,22,46,0.0679518829277439,47.82608695652174,22.48995983935743
766168531,1612.9994807935934,1.0508559741629897,2,46,0.0651491824192014,4.3478260869565215,22.690763052208833
226534958,1197.5185864660905,0.7669355150416308,4,46,0.0640437253925952,8.695652173913043,22.89156626506024
493630217,816.768839648895,0.4893075962747981,2,46,0.0599077208289602,4.3478260869565215,23.09236947791165
1861085133,1239.620178466309,0.7341072481814879,3,46,0.0592203370785513,6.521739130434782,23.293172690763054
900129773,497.306613995596,0.2915837903038444,1,46,0.0586325985011787,2.1739130434782608,23.49397590361446
1807220644,1144.9472038845483,0.6697213445718527,2,46,0.058493644274569,4.3478260869565215,23.694779116465863
736617838,1536.122401703696,0.8873655117013539,3,46,0.0577665888289362,6.521739130434782,23.895582329317268
1823883062,1369.4506210026889,0.7684087321320716,3,46,0.0561107293937663,6.521739130434782,24.096385542168676
141138839,1030.2620388199791,0.55644315249162,2,46,0.0540098665703482,4.3478260869565215,24.29718875502008
275184016,1325.3810769997222,0.6932570061740895,4,46,0.052306239933908,8.695652173913043,24.497991967871485
177405556,1362.9760893298253,0.6991056849687699,3,46,0.0512925861606655,6.521739130434782,24.69879518072289
614770329,1165.0281743238943,0.5883386766346304,1,46,0.0504999526707638,2.1739130434782608,24.899598393574294
868206338,1717.8263753010276,0.8649512500852061,2,46,0.0503514943373502,4.3478260869565215,25.100401606425706
1888479236,1544.7181198077544,0.7645295423055877,4,46,0.0494931426324393,8.695652173913043,25.301204819277107
511253175,1215.371289810012,0.5900945485033422,6,46,0.0485526154394832,13.043478260869565,25.502008032128515
253180398,1220.9892707634206,0.5917058787462639,3,46,0.0484611857708054,6.521739130434782,25.702811244979916
1523415607,633.0671443370533,0.3009650969782359,8,46,0.0475407861030927,17.391304347826086,25.903614457831324
1093529952,912.7705089645382,0.433728631411219,2,46,0.0475178182414381,4.3478260869565215,26.104417670682732
1276618490,875.6607784908817,0.4073340337429869,2,46,0.0465173322533628,4.3478260869565215,26.305220883534137
825500746,1250.6203307593128,0.5699115072000509,2,46,0.0455703056461611,4.3478260869565215,26.506024096385545
12367274,1134.1977446602125,0.5149102797325009,2,46,0.045398633717682,4.3478260869565215,26.706827309236946
1951224868,931.823778788728,0.4151725309631058,2,46,0.0445548332650177,4.3478260869565215,26.907630522088354
1487396633,1719.3739968473274,0.7617141458300077,4,46,0.0443018300396946,8.695652173913043,27.10843373493976
920290771,1482.761129401349,0.600106317656282,3,46,0.04047221806378,6.521739130434782,27.309236947791167
1562128344,969.3384338177266,0.3814640454684115,14,46,0.0393530300832105,30.434782608695656,27.510040160642568
804089919,1646.4698692200109,0.6478012913514795,7,46,0.0393448616012854,15.217391304347828,27.710843373493976
1027250881,1694.3613652974043,0.6447142002744599,3,46,0.0380505725330496,6.521739130434782,27.91164658634538
192792497,924.0217918221337,0.3199598925803656,1,46,0.0346268773542037,2.1739130434782608,28.11244979919679
1850954042,903.0348711244708,0.304921369047619,7,46,0.0337662895196867,15.217391304347828,28.313253012048197
2143196688,1252.632609421452,0.4009342467607145,3,46,0.0320073295030928,6.521739130434782,28.514056224899598
834632262,880.2052414846256,0.269740857348914,18,46,0.0306452227998491,39.130434782608695,28.714859437751006
1722389076,675.7488866372507,0.2062776012468596,25,46,0.0305257774486858,54.34782608695652,28.915662650602407
902742197,480.0749104608606,0.1464548662122634,4,46,0.0305066694844915,8.695652173913043,29.116465863453815
1502333872,1235.04574492583,0.3714025730483522,3,46,0.0300719689593891,6.521739130434782,29.31726907630522
1695134492,919.8217623886992,0.2682717838889168,15,46,0.0291656269571441,32.608695652173914,29.518072289156628
1506524479,898.8009131363021,0.2584186663145001,10,46,0.0287514912966394,21.73913043478261,29.71887550200803
1535186035,1220.6245439421616,0.3370999535558235,3,46,0.0276170060014618,6.521739130434782,29.919678714859437
633265858,617.4824808040607,0.1694180678470911,4,46,0.0274369027646714,8.695652173913043,30.120481927710845
1746053148,1149.5213628232295,0.3134605669346736,1,46,0.0272687900436067,2.1739130434782608,30.32128514056225
187402380,782.9791116392016,0.2119704922263737,4,46,0.0270723048770233,8.695652173913043,30.522088353413658
1980046923,1152.8714646678588,0.3061030555555555,1,46,0.0265513602285007,2.1739130434782608,30.72289156626506
321084463,1153.8455910327557,0.3019876851279297,5,46,0.0261722788105151,10.869565217391305,30.923694779116467
1618080873,1196.6998526860953,0.3085162907961882,6,46,0.0257805906889431,13.043478260869565,31.12449799196787
1228496975,944.3098137873004,0.2415322914091891,2,46,0.0255776534229255,4.3478260869565215,31.32530120481928
1469982823,1012.0187877211484,0.2584279580264749,5,46,0.0255358854165543,10.869565217391305,31.52610441767068
2031907181,1312.345273279869,0.333794542680387,2,46,0.0254349636087882,4.3478260869565215,31.72690763052209
920831014,1062.7908978823336,0.2698491872157028,4,46,0.0253906189593259,8.695652173913043,31.92771084337349
1839416507,543.3225187985179,0.1299039480112504,8,46,0.0239091779774773,17.391304347826086,32.1285140562249
466930914,1397.0799046185186,0.3330596796770766,1,46,0.0238397015500713,2.1739130434782608,32.329317269076306
1280682603,899.9397522401109,0.2144194625156317,12,46,0.023825979681629,26.08695652173913,32.53012048192771
467236422,1663.7709360904544,0.3883091666666666,1,46,0.0233391002477251,2.1739130434782608,32.730923694779115
1373354657,844.9179428772154,0.1896838909305449,4,46,0.0224499778386301,8.695652173913043,32.93172690763052
418583541,1399.0482209303402,0.3048233428005422,2,46,0.021787908253644,4.3478260869565215,33.13253012048193
1158626518,785.0965110999905,0.1655382416759841,6,46,0.0210850818129417,13.043478260869565,33.33333333333333
633166515,1303.9776598355363,0.27168782789581,3,46,0.0208353130781455,6.521739130434782,33.53413654618474
986076374,519.7786966440856,0.1072694444444444,1,46,0.0206375223026688,2.1739130434782608,33.734939759036145
1864193631,1267.8062432968316,0.2557646376751925,7,46,0.0201737954066306,15.217391304347828,33.93574297188755
1330053407,1231.1959509924277,0.2482461836012889,4,46,0.020163011696163,8.695652173913043,34.13654618473896
322070005,939.238537712187,0.1867112830263073,1,46,0.0198790057615291,2.1739130434782608,34.33734939759036
325649316,2365.813866778978,0.4528055092592593,2,46,0.0191395238491753,4.3478260869565215,34.53815261044177
321776296,915.2549757645692,0.16545090740336,17,46,0.0180770290011424,36.95652173913043,34.738955823293175
862156377,716.0835747962093,0.1281430706120156,1,46,0.0178949881162242,2.1739130434782608,34.93975903614458
1700492033,899.6895686238877,0.1582992629147159,3,46,0.0175948758811154,6.521739130434782,35.140562248995984
1477824069,1369.2648368078826,0.2363920340492745,3,46,0.0172641572101104,6.521739130434782,35.34136546184739
474178196,757.7912227135996,0.129975442684593,5,46,0.0171518801998207,10.869565217391305,35.54216867469879
1941443029,1180.5843946267155,0.2024768624466004,3,46,0.0171505623289744,6.521739130434782,35.7429718875502
183707077,1040.518027973541,0.178442668597568,1,46,0.0171494067186028,2.1739130434782608,35.9437751004016
715451692,823.0797674738913,0.1276057905257915,2,46,0.0155034536831619,4.3478260869565215,36.144578313253014
417197174,678.6686843736009,0.1048977239465284,5,46,0.0154563966721622,10.869565217391305,36.34538152610442
198317149,1575.597780957042,0.2299890127765009,2,46,0.0145969368297029,4.3478260869565215,36.54618473895582
657229297,579.57714768495,0.0845190789065677,3,46,0.0145828867208047,6.521739130434782,36.74698795180723
1203377026,740.707437059359,0.1075766199227703,7,46,0.0145234966655464,15.217391304347828,36.94779116465863
1811443394,1662.0202516784452,0.2088562397681499,7,46,0.0125664076329533,15.217391304347828,37.148594377510044
1248734683,901.838053001792,0.1072393055555555,2,46,0.0118911932357042,4.3478260869565215,37.34939759036144
656226721,803.7965238271547,0.0944167458545416,1,46,0.0117463491139512,2.1739130434782608,37.55020080321285
140917090,591.3323364840899,0.0633263344832124,4,46,0.0107090937829875,8.695652173913043,37.75100401606426
811944521,909.3682281612516,0.0924453040712751,5,46,0.0101658823354979,10.869565217391305,37.95180722891566
2059286195,481.2205513220329,0.0483721527777777,4,46,0.0100519715221819,8.695652173913043,38.152610441767074
1026364810,1653.7146443233837,0.1566651480424103,8,46,0.0094735297035789,17.391304347826086,38.35341365461847
1957632742,561.634388302466,0.052450218978968,6,46,0.0093388546127843,13.043478260869565,38.55421686746988
1632538235,1378.5963866439583,0.1286037630210423,4,46,0.0093286014867711,8.695652173913043,38.75502008032129
1732469525,1522.3067413878246,0.1420027995515629,2,46,0.009328133134463,4.3478260869565215,38.95582329317269
502366235,1226.6417622902334,0.1141539691230784,6,46,0.0093062190308883,13.043478260869565,39.1566265060241
1445534306,561.3494004124931,0.0470995641576276,2,46,0.0083904185384392,4.3478260869565215,39.3574297188755
94484719,1372.643555815023,0.1145539288988423,4,46,0.0083454971550006,8.695652173913043,39.558232931726906
1216561746,825.467264728356,0.0655275192677645,1,46,0.0079382335396823,2.1739130434782608,39.75903614457831
1045498135,1071.3102497999375,0.0775926653364042,2,46,0.0072427819439694,4.3478260869565215,39.959839357429715
1967552706,943.1043808094348,0.0659757210286007,14,46,0.0069955905593372,30.434782608695656,40.16064257028113
830274244,740.4408261979415,0.0493761111111111,4,46,0.0066684749630366,8.695652173913043,40.36144578313253
237758401,881.9200682893475,0.0587385025862773,7,46,0.0066602977637431,15.217391304347828,40.562248995983936
285661416,1542.896118739026,0.1018019816179745,1,46,0.0065981099039366,2.1739130434782608,40.76305220883534
345636960,760.5451030272047,0.0490219302028868,1,46,0.0064456309044347,2.1739130434782608,40.963855421686745
533614327,1097.7555562811056,0.0685116481817653,1,46,0.0062410659449416,2.1739130434782608,41.164658634538156
294943318,1010.9926172748028,0.0618599954393854,1,46,0.0061187385923878,2.1739130434782608,41.365461847389554
1929479010,980.9316501146376,0.0592542084704938,1,46,0.0060406052209212,2.1739130434782608,41.566265060240966
1357142821,1355.2307486990824,0.0793316089164442,6,46,0.005853734428074,13.043478260869565,41.76706827309237
1203715542,1095.316234472871,0.0607169444444444,2,46,0.0055433255286008,4.3478260869565215,41.967871485943775
1002568637,1028.6667025142335,0.0549532152237601,1,46,0.0053421788699338,2.1739130434782608,42.168674698795186
495815101,880.3196101348468,0.0442023294941275,9,46,0.0050211683330962,19.565217391304348,42.369477911646584
62355067,1583.1524299980392,0.0778658653055689,1,46,0.0049184060757602,2.1739130434782608,42.570281124497996
791639184,1812.0521913631765,0.0778125854679123,2,46,0.0042941691105141,4.3478260869565215,42.77108433734939
1878346408,1461.4459942213489,0.0592294924952885,1,46,0.0040528006323521,2.1739130434782608,42.971887550200805
1511222604,2012.6740172450927,0.0793288185351046,1,46,0.0039414638364382,2.1739130434782608,43.17269076305221
1760465917,533.6225499561123,0.0207909730583622,2,46,0.0038961946154772,4.3478260869565215,43.373493975903614
1326376829,1109.9816175481978,0.0406518724151126,4,46,0.003662391500222,8.695652173913043,43.57429718875502
1337085637,1019.23488600903,0.0342277824718631,1,46,0.0033581839614897,2.1739130434782608,43.77510040160642
506625236,1656.3653158742072,0.0534151184691675,3,46,0.0032248392282336,6.521739130434782,43.97590361445783
350830795,1488.860954227417,0.0451584217283041,4,46,0.0030330852320415,8.695652173913043,44.17670682730924
769724711,348.4219774413732,0.0096664044722626,3,46,0.0027743383305633,6.521739130434782,44.377510040160644
1017508702,816.3063499640826,0.0203351388888888,2,46,0.0024911160975023,4.3478260869565215,44.57831325301205
619732320,379.9296168238232,0.0093315716505532,1,46,0.0024561316721145,2.1739130434782608,44.77911646586345
375408977,1765.3657550436617,0.0421005037364148,1,46,0.0023848034672777,2.1739130434782608,44.97991967871486
1772238201,1225.0721295406793,0.0274732217078189,14,46,0.0022425799302217,30.434782608695656,45.18072289156627
2145391109,1656.9671633816488,0.0354558141718531,1,46,0.0021398018594099,2.1739130434782608,45.38152610441767
1219380515,925.4993633621216,0.0196005393699988,2,46,0.002117833911716,4.3478260869565215,45.58232931726908
954516763,1274.6660244624052,0.0247552112780931,4,46,0.0019420939134651,8.695652173913043,45.78313253012048
497516643,976.157502654504,0.0182625,1,46,0.0018708558762636,2.1739130434782608,45.98393574297189
622759379,486.0780561648161,0.0087767414717788,1,46,0.0018056238829269,2.1739130434782608,46.1847389558233
1839398939,1173.6427157028363,0.0195900601010101,5,46,0.0016691672720243,10.869565217391305,46.3855421686747
269285720,751.8099290283816,0.0124876388888888,7,46,0.0016610101046454,15.217391304347828,46.58634538152611
1713456246,1268.6833039614908,0.0209811998508757,3,46,0.0016537775649258,6.521739130434782,46.787148594377506
338417995,904.5806835657722,0.0142409595959595,3,46,0.0015743161284213,6.521739130434782,46.98795180722892
594232181,1345.5144671085372,0.0208551960274278,2,46,0.0015499793229458,4.3478260869565215,47.18875502008032
1219654055,1210.5555681225826,0.0185017205844968,3,46,0.0015283660718847,6.521739130434782,47.389558232931726
321888603,1235.466962867879,0.0177433005343036,1,46,0.0014361614731579,2.1739130434782608,47.59036144578313
105687914,1042.9169440461185,0.013610927449693,2,46,0.0013050825885413,4.3478260869565215,47.791164658634536
2131332818,2054.795185638427,0.0261211696386718,5,46,0.0012712298442803,10.869565217391305,47.99196787148594
6465663,912.200849782544,0.01157125,8,46,0.0012684980509235,17.391304347826086,48.19277108433735
1340845257,1274.3163835210771,0.0159282076719576,4,46,0.0012499413707564,8.695652173913043,48.393574297188756
1556557436,652.8967293744745,0.0080858809523809,9,46,0.0012384624686553,19.565217391304348,48.59437751004016
339139928,1773.615086878129,0.0209587311156406,1,46,0.0011816955815667,2.1739130434782608,48.795180722891565
1366939490,863.8449896244346,0.0099999142812739,1,46,0.0011576051723841,2.1739130434782608,48.99598393574297
1992992723,1642.6172055713034,0.0186607309619531,3,46,0.0011360364970402,6.521739130434782,49.19678714859438
1520040489,1021.6601729539352,0.0115249722222222,4,46,0.0011280631786692,8.695652173913043,49.39759036144578
1149850021,1535.6632093526096,0.0161155555555555,1,46,0.0010494199156043,2.1739130434782608,49.59839357429719
337155131,1335.9497651090387,0.0131313110800228,1,46,0.0009829195245938,2.1739130434782608,49.79919678714859
358283166,1678.4023189903028,0.0148776041666666,4,46,0.0008864146574592,8.695652173913043,50.0
1406768264,1219.9550139224814,0.0090383625124591,3,46,0.0007408767052318,6.521739130434782,50.20080321285141
1994239929,1205.2534980495186,0.0086076388888888,6,46,0.0007141766361034,13.043478260869565,50.401606425702816
1601564429,1035.6668865284578,0.0068109829059829,1,46,0.0006576422394669,2.1739130434782608,50.602409638554214
2003716861,1300.3320175086528,0.0084928472222222,3,46,0.0006531291322422,6.521739130434782,50.80321285140562
1649947307,800.9166434596978,0.0049736077626141,2,46,0.0006209894379432,4.3478260869565215,51.00401606425703
1931150128,1241.0543499367566,0.007625625,2,46,0.0006144473044543,4.3478260869565215,51.204819277108435
1009075968,1341.4450368776206,0.0082146586445403,1,46,0.0006123738519813,2.1739130434782608,51.40562248995983
1475845036,1468.221490785166,0.0087942063492063,3,46,0.0005989700058472,6.521739130434782,51.606425702811244
502299900,773.8403270090748,0.0046048143161778,3,46,0.0005950600085647,6.521739130434782,51.80722891566265
723647467,1255.2894415781734,0.0062003439418234,2,46,0.0004939373929592,4.3478260869565215,52.00803212851406
440658205,726.0899953560772,0.0035536111111111,2,46,0.0004894174460244,4.3478260869565215,52.208835341365464
1962594633,1083.155377723475,0.0052415857304979,1,46,0.0004839181744649,2.1739130434782608,52.40963855421686
1109689296,1059.7884124276422,0.0050232849466578,3,46,0.0004739894197513,6.521739130434782,52.610441767068274
39417171,977.5560913850736,0.0045743479938271,3,46,0.0004679371377396,6.521739130434782,52.81124497991968
948674318,1195.7391420456931,0.0054474305555555,2,46,0.00045557014603,4.3478260869565215,53.01204819277109
432468715,371.3037677989474,0.0014572222222222,2,46,0.0003924609305368,4.3478260869565215,53.21285140562249
1173628499,982.6798902409582,0.0036280555555555,1,46,0.0003692001425475,2.1739130434782608,53.41365461847389
1738680151,586.0534377358618,0.0021465,4,46,0.000366263528509,8.695652173913043,53.6144578313253
849191343,1327.2681284419928,0.0047133160133144,2,46,0.0003551140807432,4.3478260869565215,53.81526104417671
641682872,977.9960985702182,0.0033433333333333,2,46,0.0003418554877898,4.3478260869565215,54.01606425702812
466647987,751.3788801424494,0.0025682869954979,1,46,0.0003418098463202,2.1739130434782608,54.21686746987952
495057057,1233.8981065746686,0.0039810501898664,1,46,0.0003226401085027,2.1739130434782608,54.41767068273092
936808978,1413.5123882819723,0.0044180555555555,2,46,0.0003125586724376,4.3478260869565215,54.61847389558233
447392482,1307.2409044342662,0.0039705555555555,2,46,0.0003037355656548,4.3478260869565215,54.81927710843374
748385210,1093.5026751182345,0.0033163131313131,1,46,0.000303274350102,2.1739130434782608,55.020080321285135
490255203,1370.1999723952492,0.0039334629629629,2,46,0.0002870721823243,4.3478260869565215,55.22088353413655
328953515,1256.1472401837657,0.0035604166666666,2,46,0.0002834394370954,4.3478260869565215,55.42168674698795
1825743529,1408.2131870278872,0.0039808438552188,4,46,0.0002826875853662,8.695652173913043,55.62248995983936
1537359689,928.1771228340402,0.002615119047619,1,46,0.0002817478456734,2.1739130434782608,55.82329317269076
1018350709,1625.6585534648027,0.0045442496676675,9,46,0.0002795328488865,19.565217391304348,56.024096385542165
1963671355,1231.3839769461556,0.003363325164863,2,46,0.0002731337444559,4.3478260869565215,56.22489959839358
65919370,1351.3054949925497,0.00367125,2,46,0.0002716817191674,4.3478260869565215,56.42570281124498
1528929295,1067.9885496784002,0.0028738176638176,3,46,0.0002690869358742,6.521739130434782,56.62650602409639
1839454790,1974.353124182547,0.0051511111111111,1,46,0.0002609012059706,2.1739130434782608,56.827309236947784
1648066113,1132.634986211448,0.0029350694444444,1,46,0.0002591363925868,2.1739130434782608,57.028112449799195
1463962930,851.5568277588309,0.00216625,2,46,0.0002543870155678,4.3478260869565215,57.22891566265061
1629486827,506.6036936060352,0.0012777777777777,1,46,0.0002522243311497,2.1739130434782608,57.42971887550201
501296684,1587.1446648904025,0.0039394444444444,1,46,0.0002482095382727,2.1739130434782608,57.63052208835341
1398093534,1603.2967661268706,0.0038257638888888,3,46,0.0002386185745344,6.521739130434782,57.831325301204814
1515029411,1051.7780822156683,0.0024644791666666,1,46,0.0002343155089783,2.1739130434782608,58.032128514056225
1508371494,1518.2576448530351,0.0034198611111111,2,46,0.0002252490624832,4.3478260869565215,58.23293172690763
97140845,966.4123827561328,0.0021719444444444,2,46,0.0002247430272209,4.3478260869565215,58.43373493975904
904425430,1204.2271104408433,0.0026854615384615,3,46,0.0002230029132526,6.521739130434782,58.63453815261044
1460062907,1152.2841292732628,0.0025635714285714,3,46,0.0002224773702461,6.521739130434782,58.835341365461844
902784592,1254.4855073697283,0.0027805555555555,1,46,0.0002216490775876,2.1739130434782608,59.036144578313255
1470160872,1368.679603484312,0.0030193518518518,1,46,0.0002206032620173,2.1739130434782608,59.23694779116466
1627208041,1498.0452554754845,0.0032890277777777,1,46,0.0002195546339976,2.1739130434782608,59.43775100401606
1889457001,1363.143914671871,0.0029445659722222,3,46,0.0002160128465181,6.521739130434782,59.63855421686747
307069902,1440.5977747336278,0.0030508333333333,3,46,0.0002117755133904,6.521739130434782,59.83935742971887
891630340,1236.1761706767263,0.0025945833333333,1,46,0.0002098878294922,2.1739130434782608,60.040160642570285
346565146,1266.5092134772613,0.00261,2,46,0.0002060782481664,4.3478260869565215,60.24096385542169
360739036,1399.6077726870394,0.0026600694444444,1,46,0.0001900582074746,2.1739130434782608,60.44176706827309
433152057,2227.8467452515824,0.0039431944444444,3,46,0.0001769957674534,6.521739130434782,60.6425702811245
1424993957,984.111714031531,0.0016997222222222,2,46,0.0001727163896118,4.3478260869565215,60.8433734939759
230492593,1105.076681036183,0.001851865079365,1,46,0.0001675779709357,2.1739130434782608,61.044176706827315
1746843944,1116.3739086768585,0.0018437037037037,2,46,0.0001651510922437,4.3478260869565215,61.24497991967871
762317906,1296.2740421104395,0.0020245833333333,1,46,0.0001561848241624,2.1739130434782608,61.44578313253012
925171968,1278.1650079619355,0.0019736111111111,1,46,0.0001544097279159,2.1739130434782608,61.64658634538153
1237836810,1294.987000485864,0.0019920833333333,2,46,0.0001538303730142,4.3478260869565215,61.84738955823293
1363569671,1100.9539566996566,0.0016833333333333,4,46,0.0001528977050393,8.695652173913043,62.048192771084345
1106575099,1339.5410990632035,0.0019313888888888,2,46,0.0001441828765268,4.3478260869565215,62.24899598393574
243473926,877.9624286501474,0.0012123611111111,2,46,0.0001380880401653,4.3478260869565215,62.44979919678715
788892375,1311.1127690753176,0.0018086111111111,1,46,0.0001379447408163,2.1739130434782608,62.65060240963856
1852726957,1314.0585696552157,0.0017922222222222,2,46,0.0001363883059407,4.3478260869565215,62.85140562248996
1112354210,1184.9331867813603,0.0016092063492063,1,46,0.0001358056612101,2.1739130434782608,63.05220883534136
1779765110,1127.1469550203258,0.0015098611111111,2,46,0.0001339542376782,4.3478260869565215,63.25301204819277
1981491157,871.9153348919133,0.0011537268518518,1,46,0.0001323209726544,2.1739130434782608,63.45381526104418
2041574091,1033.3544804531557,0.0013177777777777,1,46,0.0001275242719419,2.1739130434782608,63.65461847389559
1392712752,795.2712322831267,0.0010041666666666,2,46,0.0001262671936194,4.3478260869565215,63.85542168674698
582166813,1475.5698007483136,0.0018265972222222,4,46,0.0001237892793208,8.695652173913043,64.05622489959839
869224242,1324.412604686036,0.0016369444444444,4,46,0.0001235977699587,8.695652173913043,64.2570281124498
2085909376,1287.9778744608675,0.0015902083333333,5,46,0.0001234655008339,10.869565217391305,64.45783132530121
186187676,725.4926167207728,0.0008925,2,46,0.0001230198598069,4.3478260869565215,64.65863453815261
1428393021,742.6533882844973,0.0008940277777777,2,46,0.0001203829123897,4.3478260869565215,64.85943775100401
1828269005,752.6884210744084,0.0008926543209876,2,46,0.0001185954634074,4.3478260869565215,65.06024096385542
75601389,1270.6065423510688,0.0014036111111111,1,46,0.0001104678013473,2.1739130434782608,65.26104417670683
1976905687,997.6182571713772,0.0010840277777777,3,46,0.0001086615817207,6.521739130434782,65.46184738955823
379904777,1169.2505265163306,0.0012699999999999,1,46,0.0001086165856844,2.1739130434782608,65.66265060240963
268944085,1543.2887461477767,0.0016127777777777,5,46,0.0001045026591299,10.869565217391305,65.86345381526104
401305664,1359.2186189028537,0.0013934126984126,2,46,0.000102515715944,4.3478260869565215,66.06425702811245
1248803494,1556.580836579912,0.0015922222222222,1,46,0.0001022897227567,2.1739130434782608,66.26506024096386
684163813,1607.2438573515772,0.0016091666666666,2,46,0.0001001196339501,4.3478260869565215,66.46586345381526
1254964763,841.8175070668458,0.0008265873015873,2,46,9.819079487517304e-05,4.3478260869565215,66.66666666666666
671978489,993.3269073758588,0.0009620833333333,2,46,9.685465340659472e-05,4.3478260869565215,66.86746987951807
1122684706,714.6719577564226,0.0006916666666666,1,46,9.678099989231754e-05,2.1739130434782608,67.06827309236948
181406501,1297.996869557736,0.0012221296296296,1,46,9.415505216480557e-05,2.1739130434782608,67.26907630522089
926511220,1372.7109319097774,0.0011716666666666,3,46,8.535421693164415e-05,6.521739130434782,67.46987951807229
72386722,1110.7873503342234,0.0009238888888888,1,46,8.317423569965046e-05,2.1739130434782608,67.67068273092369
1227622020,1545.008285277423,0.0011963888888888,2,46,7.743575877808738e-05,4.3478260869565215,67.8714859437751
1963524104,1530.733886129137,0.0011280555555555,2,46,7.369377301812668e-05,4.3478260869565215,68.07228915662651
655226065,1455.57749725691,0.0010599537037037,2,46,7.282014909554633e-05,4.3478260869565215,68.27309236947792
411782086,1315.6238726319866,0.0008915277777777,3,46,6.776463975180238e-05,6.521739130434782,68.47389558232932
676054389,825.8109582170674,0.0005443055555555,1,46,6.591164117399409e-05,2.1739130434782608,68.67469879518072
601463219,738.4019927059829,0.0004739814814814,1,46,6.419016825029229e-05,2.1739130434782608,68.87550200803213
590576620,1574.438998548479,0.0009434722222222,2,46,5.992434277174516e-05,4.3478260869565215,69.07630522088354
256377219,1066.086596545246,0.0006352222222222,2,46,5.958448631478156e-05,4.3478260869565215,69.27710843373494
2091323801,1737.1926242005202,0.0009994444444444,2,46,5.753216025220015e-05,4.3478260869565215,69.47791164658635
508137767,1149.1088230392731,0.0006233333333333,1,46,5.424493493006884e-05,2.1739130434782608,69.67871485943775
929158790,1362.1947677474998,0.00071625,1,46,5.258058663552042e-05,2.1739130434782608,69.87951807228916
3972987,493.2678152937848,0.0002575,1,46,5.220287884516364e-05,2.1739130434782608,70.08032128514057
700082593,1393.9269529958683,0.0007252777777777,1,46,5.203126148174335e-05,2.1739130434782608,70.28112449799197
2024787561,1329.6101832810912,0.0006306944444444,2,46,4.7434537759636775e-05,4.3478260869565215,70.48192771084338
1687559437,1235.205949073697,0.0005719444444444,1,46,4.6303569447131925e-05,2.1739130434782608,70.68273092369478
1709888896,1434.4428692637357,0.000625496031746,2,46,4.36055032339548e-05,4.3478260869565215,70.88353413654619
143071446,758.1424130689683,0.0003183333333333,1,46,4.19885931516108e-05,2.1739130434782608,71.08433734939759
427932258,481.5108449789632,0.0001927777777777,1,46,4.003601991273944e-05,2.1739130434782608,71.285140562249
810477632,1351.5887336634853,0.0005197222222222,1,46,3.8452689733031e-05,2.1739130434782608,71.4859437751004
1100917111,582.1240169297918,0.0002233333333333,2,46,3.836524981587711e-05,4.3478260869565215,71.6867469879518
1834624576,1317.471772815083,0.0005043749999999,1,46,3.828355266559417e-05,2.1739130434782608,71.8875502008032
475339127,779.2292796637203,0.000291574074074,2,46,3.7418264647332565e-05,4.3478260869565215,72.08835341365462
1613420528,1067.2662476257783,0.0003949999999999,1,46,3.701044616361756e-05,2.1739130434782608,72.28915662650603
1507813811,552.5110202196224,0.0001922222222222,1,46,3.479065850049727e-05,2.1739130434782608,72.48995983935743
1833008953,1152.9667943652537,0.0003925,1,46,3.4042610933655245e-05,2.1739130434782608,72.69076305220884
960184009,1118.3583262941415,0.0003696111111111,1,46,3.304943526784267e-05,2.1739130434782608,72.89156626506023
499746036,835.8312548892503,0.0002729166666666,1,46,3.2652125063548735e-05,2.1739130434782608,73.09236947791165
1758802400,1527.3220090615653,0.0004458333333333,1,46,2.919052633879523e-05,2.1739130434782608,73.29317269076306
494249660,1344.0395285029963,0.0003024999999999,2,46,2.2506778527334472e-05,4.3478260869565215,73.49397590361446
1391211810,837.4836728604718,0.0001741666666666,1,46,2.079642532872204e-05,2.1739130434782608,73.69477911646585
2116899524,1363.9885662215854,0.0002776388888888,1,46,2.0354927875823934e-05,2.1739130434782608,73.89558232931726
714546223,388.21942096519314,7.120370370370378e-05,2,46,1.8341097806667363e-05,4.3478260869565215,74.09638554216868
166768109,758.5466031283063,0.0001362222222222,1,46,1.7958319457292535e-05,2.1739130434782608,74.29718875502009
1900529386,1537.085684955592,0.0002747222222222,1,46,1.7872928289626175e-05,2.1739130434782608,74.49799196787149
1765463917,1439.4792664965623,0.0002493055555555,1,46,1.7319148761504662e-05,2.1739130434782608,74.69879518072288
1561543809,1234.6692623874412,0.0002127777777777,1,46,1.72335850789981e-05,2.1739130434782608,74.8995983935743
498672601,1525.1477714121245,0.0002515277777777,1,46,1.649202670669018e-05,2.1739130434782608,75.1004016064257
1706723726,1611.9283370315927,0.0002616666666666,1,46,1.62331451501456e-05,2.1739130434782608,75.30120481927712
2039776147,685.7062259772663,0.0001019444444444,1,46,1.486707289249905e-05,2.1739130434782608,75.50200803212851
164625127,1636.713200564827,0.0002070833333333,1,46,1.2652389756609118e-05,2.1739130434782608,75.70281124497991
659251981,896.6611963532862,0.0001102777777777,1,46,1.2298711957903002e-05,2.1739130434782608,75.90361445783132
1835831701,1496.8188887221595,0.0001769444444444,1,46,1.1821366350841726e-05,2.1739130434782608,76.10441767068274
87496163,1673.163994539815,0.000195,1,46,1.1654565878560677e-05,2.1739130434782608,76.30522088353415
1659703205,1299.2839499461802,0.0001311111111111,1,46,1.009102830189982e-05,2.1739130434782608,76.50602409638554
315545704,1322.189320273229,6.083333333333331e-05,1,46,4.600954825498225e-06,2.1739130434782608,76.70682730923694
1547735523,1359.1906523406842,6.194444444444422e-05,1,46,4.557450740098064e-06,2.1739130434782608,76.90763052208835
208735378,706.2175722658435,3.1944444444444305e-05,1,46,4.523314867676412e-06,2.1739130434782608,77.10843373493977
849091584,684.6506304853795,2.222222222222225e-05,1,46,3.245775470398373e-06,2.1739130434782608,77.30923694779116
179084449,1519.8108116276185,3.953703703703736e-05,1,46,2.6014446491991835e-06,2.1739130434782608,77.51004016064257
1495263621,828.4360732336527,0.0,0,46,0.0,0.0,77.71084337349397
941326991,1356.5035632752745,0.0,0,46,0.0,0.0,77.91164658634538
1238056675,536.5766347173571,0.0,0,46,0.0,0.0,78.1124497991968
284718553,837.2702799838638,0.0,0,46,0.0,0.0,78.3132530120482
912832673,279.0112864881108,0.0,0,46,0.0,0.0,78.5140562248996
369696407,1452.0001137714503,0.0,0,46,0.0,0.0,78.714859437751
667023774,1177.12016178088,0.0,0,46,0.0,0.0,78.91566265060241
1170672036,865.1352984273094,0.0,0,46,0.0,0.0,79.11646586345381
1273802469,577.6220452505369,0.0,0,46,0.0,0.0,79.31726907630522
1356527992,1414.0196057728645,0.0,0,46,0.0,0.0,79.51807228915662
215392933,1478.6056212329058,0.0,0,46,0.0,0.0,79.71887550200803
552691752,840.4552222917346,0.0,0,46,0.0,0.0,79.91967871485943
970222051,1589.850803650524,0.0,0,46,0.0,0.0,80.12048192771084
592750074,1564.280685404943,0.0,0,46,0.0,0.0,80.32128514056225
1593107282,520.8512607944929,0.0,0,46,0.0,0.0,80.52208835341365
406963483,1206.2450901331656,0.0,0,46,0.0,0.0,80.72289156626506
2098212820,1053.6070965526944,0.0,0,46,0.0,0.0,80.92369477911646
1456027453,1255.6062613614342,0.0,0,46,0.0,0.0,81.12449799196787
2122979895,1293.546778434786,0.0,0,46,0.0,0.0,81.32530120481928
495939403,990.1330729556609,0.0,0,46,0.0,0.0,81.52610441767068
1139751829,871.8446388316122,0.0,0,46,0.0,0.0,81.72690763052208
5256256,1458.65927331599,0.0,0,46,0.0,0.0,81.92771084337349
568582224,1308.6878394571495,0.0,0,46,0.0,0.0,82.1285140562249
1736445593,1050.0325254995032,0.0,0,46,0.0,0.0,82.32931726907631
1904566752,343.7487778482628,0.0,0,46,0.0,0.0,82.53012048192771
1313790654,780.5901286975206,0.0,0,46,0.0,0.0,82.73092369477911
262502725,672.8943713275665,0.0,0,46,0.0,0.0,82.93172690763052
1115705200,1211.318791314711,0.0,0,46,0.0,0.0,83.13253012048193
1888257763,1442.4380452574987,0.0,0,46,0.0,0.0,83.33333333333334
362267093,1159.8688956538836,0.0,0,46,0.0,0.0,83.53413654618474
724626748,1156.7579897451003,0.0,0,46,0.0,0.0,83.73493975903614
197148631,578.6503971865831,0.0,0,46,0.0,0.0,83.93574297188755
500610996,1391.594029312938,0.0,0,46,0.0,0.0,84.13654618473896
1962277695,1545.5726476615446,0.0,0,46,0.0,0.0,84.33734939759037
973199461,1027.4749754070913,0.0,0,46,0.0,0.0,84.53815261044177
1649995147,1347.0319575020226,0.0,0,46,0.0,0.0,84.73895582329317
356902470,1310.5233734475796,0.0,0,46,0.0,0.0,84.93975903614458
1054247621,507.8271371236728,0.0,0,46,0.0,0.0,85.14056224899599
1723756348,1105.1420085629538,0.0,0,46,0.0,0.0,85.34136546184739
883238613,1587.3888270704144,0.0,0,46,0.0,0.0,85.54216867469879
1425948483,811.581465040267,0.0,0,46,0.0,0.0,85.7429718875502
460511237,1524.6599123022788,0.0,0,46,0.0,0.0,85.94377510040161
1446182021,664.93197382342,0.0,0,46,0.0,0.0,86.14457831325302
1865614692,1118.4114584603392,0.0,0,46,0.0,0.0,86.34538152610442
59669332,1507.279837557164,0.0,0,46,0.0,0.0,86.54618473895582
1390125475,557.0657127506536,0.0,0,46,0.0,0.0,86.74698795180723
2995222,2585.6616130623684,0.0,0,46,0.0,0.0,86.94779116465864
2015386434,1208.436634859747,0.0,0,46,0.0,0.0,87.14859437751004
814682996,539.9851930551846,0.0,0,46,0.0,0.0,87.34939759036145
1489744312,1342.497744484853,0.0,0,46,0.0,0.0,87.55020080321285
432573265,1367.3163465449293,0.0,0,46,0.0,0.0,87.75100401606426
58399862,1269.867104465554,0.0,0,46,0.0,0.0,87.95180722891565
726512226,1325.3682856667072,0.0,0,46,0.0,0.0,88.15261044176707
1557532993,877.1994692398976,0.0,0,46,0.0,0.0,88.35341365461848
702120477,1065.322909702504,0.0,0,46,0.0,0.0,88.55421686746988
1264543056,964.1362554290956,0.0,0,46,0.0,0.0,88.75502008032129
1077053141,549.2895421990996,0.0,0,46,0.0,0.0,88.95582329317268
1990199606,729.2665788682916,0.0,0,46,0.0,0.0,89.1566265060241
1532680669,1254.1521618665297,0.0,0,46,0.0,0.0,89.35742971887551
1924036325,1682.41716549235,0.0,0,46,0.0,0.0,89.5582329317269
1953610616,1192.0981663625134,0.0,0,46,0.0,0.0,89.7590361445783
2142161536,1647.3426121536074,0.0,0,46,0.0,0.0,89.95983935742971
63789504,1758.2980510250125,0.0,0,46,0.0,0.0,90.16064257028113
405987583,466.7199023903842,0.0,0,46,0.0,0.0,90.36144578313254
573014856,538.4318353923255,0.0,0,46,0.0,0.0,90.56224899598394
1025629477,1046.771856230829,0.0,0,46,0.0,0.0,90.76305220883533
418705795,1258.240560236888,0.0,0,46,0.0,0.0,90.96385542168674
577971316,1718.8071588382445,0.0,0,46,0.0,0.0,91.16465863453816
1460435438,1342.20264887467,0.0,0,46,0.0,0.0,91.36546184738957
1477306557,1555.9460934280237,0.0,0,46,0.0,0.0,91.56626506024097
1637595819,1346.48513878532,0.0,0,46,0.0,0.0,91.76706827309236
108093008,1252.4783343581378,0.0,0,46,0.0,0.0,91.96787148594377
635240510,517.2993514689387,0.0,0,46,0.0,0.0,92.16867469879519
1966494071,1384.1457099484094,0.0,0,46,0.0,0.0,92.3694779116466
677022387,1704.1940181024845,0.0,0,46,0.0,0.0,92.570281124498
280027210,487.1860575801891,0.0,0,46,0.0,0.0,92.7710843373494
765528477,945.1058026503936,0.0,0,46,0.0,0.0,92.9718875502008
1464371916,1494.8614205020056,0.0,0,46,0.0,0.0,93.17269076305222
1868533072,1685.2783345480614,0.0,0,46,0.0,0.0,93.37349397590361
1165442853,1675.0956869073125,0.0,0,46,0.0,0.0,93.57429718875501
548306365,782.066398664911,0.0,0,46,0.0,0.0,93.77510040160642
11849250,1165.0984140702155,0.0,0,46,0.0,0.0,93.97590361445783
1831940935,1392.6836192698831,0.0,0,46,0.0,0.0,94.17670682730925
481355415,1100.2647814883226,0.0,0,46,0.0,0.0,94.37751004016064
2130597181,1214.2577200879057,0.0,0,46,0.0,0.0,94.57831325301204
1076494630,1065.2264743571257,0.0,0,46,0.0,0.0,94.77911646586345
923664764,618.5706686163326,0.0,0,46,0.0,0.0,94.97991967871486
1497431758,706.1731468185845,0.0,0,46,0.0,0.0,95.18072289156626
1664278908,1373.288869370617,0.0,0,46,0.0,0.0,95.38152610441767
1134323123,753.9326951011939,0.0,0,46,0.0,0.0,95.58232931726907
1997816243,1041.753539164579,0.0,0,46,0.0,0.0,95.78313253012048
1992039410,1025.6290885700814,0.0,0,46,0.0,0.0,95.98393574297188
587988963,930.2723159084773,0.0,0,46,0.0,0.0,96.18473895582329
960498683,1402.2449038617988,0.0,0,46,0.0,0.0,96.3855421686747
495557193,1224.0613761380823,0.0,0,46,0.0,0.0,96.5863453815261
1274799482,603.7048667493053,0.0,0,46,0.0,0.0,96.78714859437751
1146549788,982.3224221260316,0.0,0,46,0.0,0.0,96.98795180722891
977227615,1630.0341236450358,0.0,0,46,0.0,0.0,97.18875502008032
728603657,739.9370544521291,0.0,0,46,0.0,0.0,97.38955823293173
636891105,1314.1043065379124,0.0,0,46,0.0,0.0,97.59036144578313
1007132094,1413.2833764350537,0.0,0,46,0.0,0.0,97.79116465863453
492423664,439.1630821523023,0.0,0,46,0.0,0.0,97.99196787148594
687183866,1032.5556089673355,0.0,0,46,0.0,0.0,98.19277108433735
576609445,718.3532603078316,0.0,0,46,0.0,0.0,98.39357429718876
1599337672,1136.7207587927585,0.0,0,46,0.0,0.0,98.59437751004016
1836936064,1429.2563151005731,0.0,0,46,0.0,0.0,98.79518072289156
1542012877,765.3486473838436,0.0,0,46,0.0,0.0,98.99598393574297
538085926,508.1752401271351,0.0,0,46,0.0,0.0,99.19678714859438
1803391106,974.0338664736108,0.0,0,46,0.0,0.0,99.3975903614458
67797136,592.9311703966833,0.0,0,46,0.0,0.0,99.59839357429718
302951762,1321.0146054026395,0.0,0,46,0.0,0.0,99.79919678714859
32123285,1472.2326704919078,0.0,0,46,0.0,0.0,100.0
